norma_id,jurisdiccion,norma,articulo,tipo,matriz,tratamiento_termico,nivel_grasa,especie_leche,parametro,alternativa,minimo,maximo,unidad,descripcion,verificado,url
CO-616-PAST,colombia,Decreto 616 de 2006,Art. 3 (definiciones),proceso,leche_liquida,pasteurizado,,,temperatura_c,rapida_htst,72,76,°C,Pasteurización rápida (HTST): 72–76 °C durante 15–20 s,no,
CO-616-PAST,colombia,Decreto 616 de 2006,Art. 3 (definiciones),proceso,leche_liquida,pasteurizado,,,tiempo_min,rapida_htst,0.25,0.3333,min,Pasteurización rápida (HTST): 15–20 s,no,
CO-616-PAST,colombia,Decreto 616 de 2006,Art. 3 (definiciones),proceso,leche_liquida,pasteurizado,,,temperatura_c,lenta,61,63,°C,Pasteurización lenta: 61–63 °C durante 30 min,no,
CO-616-PAST,colombia,Decreto 616 de 2006,Art. 3 (definiciones),proceso,leche_liquida,pasteurizado,,,tiempo_min,lenta,30,30,min,Pasteurización lenta: 30 min,no,
CO-616-ULTRAPAST,colombia,Decreto 616 de 2006,Art. 3 (definiciones),proceso,leche_liquida,ultrapasteurizado,,,temperatura_c,,135,140,°C,Ultrapasteurización: 135–140 °C durante 2–4 s y enfriamiento inmediato a ≤ 5 °C,no,
CO-616-ULTRAPAST,colombia,Decreto 616 de 2006,Art. 3 (definiciones),proceso,leche_liquida,ultrapasteurizado,,,tiempo_min,,0.0333,0.0667,min,Ultrapasteurización: 2–4 s,no,
CO-616-UHT,colombia,Decreto 616 de 2006,Art. 3 (definiciones),proceso,leche_liquida,uht,,,temperatura_c,,135,150,°C,Ultra alta temperatura (UAT/UHT): 135–150 °C durante 2–4 s y envasado aséptico,no,
CO-616-UHT,colombia,Decreto 616 de 2006,Art. 3 (definiciones),proceso,leche_liquida,uht,,,tiempo_min,,0.0333,0.0667,min,UHT: 2–4 s,no,
CO-616-ALMAC-PAST,colombia,Decreto 616 de 2006,Conservación de leche pasteurizada,almacenamiento,leche_liquida,pasteurizado,,,temperatura_almacenamiento_c,,,6,°C,Leche pasteurizada en cadena de frío (4 ± 2 °C),no,
CO-616-CRUDA-FRIO,colombia,Decreto 616 de 2006,Enfriamiento de leche cruda,almacenamiento,leche_liquida,crudo,,,temperatura_almacenamiento_c,,,6,°C,Leche cruda enfriada a 4 ± 2 °C después del ordeño,no,
CO-616-CRUDA-GRASA,colombia,Decreto 616 de 2006,Requisitos fisicoquímicos de la leche cruda,composicion,leche_liquida,crudo,,vaca,grasa_pct,,3.0,,% m/v,Materia grasa mínima de la leche cruda,no,
CO-616-CRUDA-PROT,colombia,Decreto 616 de 2006,Requisitos fisicoquímicos de la leche cruda,composicion,leche_liquida,crudo,,vaca,proteina_pct,,2.9,,% m/v,Proteína mínima de la leche cruda,no,
CO-616-CRUDA-EST,colombia,Decreto 616 de 2006,Requisitos fisicoquímicos de la leche cruda,composicion,leche_liquida,crudo,,vaca,solidos_totales_pct,,11.30,,% m/m,Extracto seco total mínimo,no,
CO-616-CRUDA-ESD,colombia,Decreto 616 de 2006,Requisitos fisicoquímicos de la leche cruda,composicion,leche_liquida,crudo,,vaca,solidos_no_grasos_pct,,8.30,,% m/m,Extracto seco desengrasado mínimo,no,
CO-616-CRUDA-ACIDEZ,colombia,Decreto 616 de 2006,Requisitos fisicoquímicos de la leche cruda,composicion,leche_liquida,crudo,,vaca,acidez_acido_lactico_pct,,0.13,0.17,% ácido láctico,Acidez titulable de la leche cruda,no,
CO-616-CRUDA-DENS,colombia,Decreto 616 de 2006,Requisitos fisicoquímicos de la leche cruda,composicion,leche_liquida,crudo,,vaca,densidad_g_ml,,1.030,1.033,g/mL a 15 °C,Densidad de la leche cruda,no,
CO-616-CRUDA-CRIOS,colombia,Decreto 616 de 2006,Requisitos fisicoquímicos de la leche cruda,composicion,leche_liquida,crudo,,vaca,indice_crioscopico_c,,-0.530,-0.510,°C,Índice crioscópico (detecta adición de agua),no,
CO-616-ENTERA-GRASA,colombia,Decreto 616 de 2006,Leche pasteurizada/UHT entera,composicion,leche_liquida,,entera,vaca,grasa_pct,,3.0,,% m/v,Materia grasa mínima para denominarse leche entera,no,
CO-616-SEMI-GRASA,colombia,Decreto 616 de 2006,Leche semidescremada,composicion,leche_liquida,,semidescremada,vaca,grasa_pct,,1.5,2.0,% m/v,Materia grasa de la leche semidescremada (confirmar rango),no,
CO-616-DESC-GRASA,colombia,Decreto 616 de 2006,Leche descremada,composicion,leche_liquida,,descremada,vaca,grasa_pct,,,0.5,% m/v,Materia grasa máxima de la leche descremada,no,
CO-616-PAST-MESOF,colombia,Decreto 616 de 2006,Requisitos microbiológicos de la leche pasteurizada,microbiologico,leche_liquida,pasteurizado,,vaca,recuento_mesofilos_ufc_ml,,,50000,UFC/mL,Recuento de mesófilos aerobios (límite M del plan de muestreo),no,
CO-616-PAST-ENZ,colombia,Decreto 616 de 2006,Pruebas de la leche pasteurizada,requisito,leche_liquida,pasteurizado,,,requisito,,,,,Fosfatasa alcalina negativa y peroxidasa positiva (demuestra pasteurización sin sobrecalentamiento),no,
CO-616-UHT-ESTER,colombia,Decreto 616 de 2006,Leche UHT,requisito,leche_liquida,uht,,,requisito,,,,,Esterilidad comercial tras incubación; envase aséptico hermético,no,
CO-1880-CRUDA,colombia,Decreto 1880 de 2011,,requisito,leche_liquida,crudo,,,requisito,,,,,Condiciones para comercializar leche cruda para consumo humano directo (zonas y registro autorizados),no,
CO-2674-BPM,colombia,Resolución 2674 de 2013,,requisito,,,,,requisito,,,,,Buenas prácticas de manufactura y registro/permiso/notificación sanitaria INVIMA para fabricar y vender el producto,no,
CO-2310-DERIV,colombia,Resolución 2310 de 1986,,requisito,yogur_fermentado,,,,requisito,,,,,Requisitos de derivados lácteos (leches fermentadas y yogur); revisar si fue modificada,no,
CO-810-ROTULADO,colombia,Resolución 810 de 2021 (modificada por Res. 2492 de 2022),,etiquetado,,,,,requisito,,,,,"Tabla nutricional obligatoria y sellos frontales de advertencia (exceso en azúcares añadidos, sodio, grasas saturadas, etc.) según umbrales de la norma",no,
CO-810-DECLARACION,colombia,Resolución 810 de 2021,Declaraciones de propiedades,etiquetado,,,,,requisito,,,,,Una declaración como «A2» o «más fácil de digerir» es una declaración de propiedades: verificar si requiere aprobación previa del INVIMA y cómo se demuestra (genotipado del hato),no,
CODEX-57-PAST,codex,CXC 57-2004 (higiene de la leche),Anexo II,proceso,leche_liquida,pasteurizado,,,temperatura_c,htst,72,,°C,Pasteurización HTST: mínimo 72 °C durante 15 s (o combinación equivalente),no,https://www.fao.org/fao-who-codexalimentarius/codex-texts/codes-of-practice/en/
CODEX-57-PAST,codex,CXC 57-2004 (higiene de la leche),Anexo II,proceso,leche_liquida,pasteurizado,,,tiempo_min,htst,0.25,,min,Pasteurización HTST: mínimo 15 s,no,https://www.fao.org/fao-who-codexalimentarius/codex-texts/codes-of-practice/en/
CODEX-57-PAST,codex,CXC 57-2004 (higiene de la leche),Anexo II,proceso,leche_liquida,pasteurizado,,,temperatura_c,lenta,63,,°C,Pasteurización lenta: mínimo 63 °C durante 30 min,no,https://www.fao.org/fao-who-codexalimentarius/codex-texts/codes-of-practice/en/
CODEX-57-PAST,codex,CXC 57-2004 (higiene de la leche),Anexo II,proceso,leche_liquida,pasteurizado,,,tiempo_min,lenta,30,,min,Pasteurización lenta: mínimo 30 min,no,https://www.fao.org/fao-who-codexalimentarius/codex-texts/codes-of-practice/en/
CODEX-57-UHT,codex,CXC 57-2004 (higiene de la leche),Anexo II,proceso,leche_liquida,uht,,,temperatura_c,,135,150,°C,UHT: normalmente 135–150 °C con el tiempo de retención adecuado para esterilidad comercial,no,https://www.fao.org/fao-who-codexalimentarius/codex-texts/codes-of-practice/en/
CODEX-243-YOG-PROT,codex,CXS 243-2003 (leches fermentadas),Composición,composicion,yogur_fermentado,,,,proteina_pct,,2.7,,% m/m,Proteína láctea mínima del yogur,no,https://www.fao.org/fao-who-codexalimentarius/codex-texts/list-standards/en/
CODEX-243-YOG-GRASA,codex,CXS 243-2003 (leches fermentadas),Composición,composicion,yogur_fermentado,,,,grasa_pct,,,15,% m/m,Grasa láctea menor a 15 %,no,https://www.fao.org/fao-who-codexalimentarius/codex-texts/list-standards/en/
CODEX-243-YOG-ACIDEZ,codex,CXS 243-2003 (leches fermentadas),Composición,composicion,yogur_fermentado,,,,acidez_acido_lactico_pct,,0.6,,% ácido láctico,Acidez titulable mínima del yogur,no,https://www.fao.org/fao-who-codexalimentarius/codex-texts/list-standards/en/
CODEX-243-YOG-CULTIVO,codex,CXS 243-2003 (leches fermentadas),Composición,microbiologico,yogur_fermentado,,,,cultivo_ufc_g,,10000000,,UFC/g,Microorganismos del cultivo vivos (10^7 UFC/g) hasta la fecha de vencimiento,no,https://www.fao.org/fao-who-codexalimentarius/codex-texts/list-standards/en/
CODEX-206-TERMINOS,codex,CXS 206-1999 (uso de términos lecheros),,etiquetado,,,,,requisito,,,,,Solo se puede llamar «leche» o producto lácteo a lo que cumple la definición (no sustituir componentes lácteos),no,https://www.fao.org/fao-who-codexalimentarius/codex-texts/list-standards/en/
US-PMO-PAST,ee_uu,Pasteurized Milk Ordinance (FDA),Definiciones de pasteurización,proceso,leche_liquida,pasteurizado,,,temperatura_c,htst,72,,°C,HTST: mínimo 72 °C (161 °F) durante 15 s,no,
US-PMO-PAST,ee_uu,Pasteurized Milk Ordinance (FDA),Definiciones de pasteurización,proceso,leche_liquida,pasteurizado,,,tiempo_min,htst,0.25,,min,HTST: mínimo 15 s,no,
US-PMO-PAST,ee_uu,Pasteurized Milk Ordinance (FDA),Definiciones de pasteurización,proceso,leche_liquida,pasteurizado,,,temperatura_c,lenta,63,,°C,Lenta (vat): mínimo 63 °C (145 °F) durante 30 min,no,
US-PMO-PAST,ee_uu,Pasteurized Milk Ordinance (FDA),Definiciones de pasteurización,proceso,leche_liquida,pasteurizado,,,tiempo_min,lenta,30,,min,Lenta (vat): mínimo 30 min,no,
US-131.3-ULTRAPAST,ee_uu,21 CFR 131.3(c),,proceso,leche_liquida,ultrapasteurizado,,,temperatura_c,,138,,°C,Ultrapasteurizado: mínimo 138 °C (280 °F) durante al menos 2 s,no,https://www.ecfr.gov/current/title-21/chapter-I/subchapter-B/part-131
US-131.3-ULTRAPAST,ee_uu,21 CFR 131.3(c),,proceso,leche_liquida,ultrapasteurizado,,,tiempo_min,,0.0333,,min,Ultrapasteurizado: al menos 2 s,no,https://www.ecfr.gov/current/title-21/chapter-I/subchapter-B/part-131
US-131.110-GRASA,ee_uu,21 CFR 131.110 (milk),,composicion,leche_liquida,,entera,vaca,grasa_pct,,3.25,,% m/m,Grasa mínima de la leche entera,no,https://www.ecfr.gov/current/title-21/chapter-I/subchapter-B/part-131
US-131.110-SNG,ee_uu,21 CFR 131.110 (milk),,composicion,leche_liquida,,,vaca,solidos_no_grasos_pct,,8.25,,% m/m,Sólidos lácteos no grasos mínimos,no,https://www.ecfr.gov/current/title-21/chapter-I/subchapter-B/part-131
US-PMO-CS,ee_uu,Pasteurized Milk Ordinance (FDA),Estándares de leche cruda grado A,calidad_leche_cruda,leche_liquida,crudo,,vaca,celulas_somaticas_miles_ml,,,750,miles/mL,Células somáticas máximas de la leche cruda de cada productor,no,
US-PMO-PAST-BACT,ee_uu,Pasteurized Milk Ordinance (FDA),Estándares de leche pasteurizada grado A,microbiologico,leche_liquida,pasteurizado,,vaca,recuento_mesofilos_ufc_ml,,,20000,UFC/mL,Recuento bacteriano máximo de la leche pasteurizada,no,
US-PMO-ALMAC,ee_uu,Pasteurized Milk Ordinance (FDA),Estándares de leche pasteurizada grado A,almacenamiento,leche_liquida,pasteurizado,,,temperatura_almacenamiento_c,,,7,°C,Conservar a 7 °C (45 °F) o menos,no,
UE-853-CS,union_europea,Reglamento (CE) 853/2004,Anexo III sección IX,calidad_leche_cruda,leche_liquida,crudo,,vaca,celulas_somaticas_miles_ml,,,400,miles/mL,Células somáticas máximas de la leche cruda de vaca (media geométrica de 3 meses),no,https://eur-lex.europa.eu/eli/reg/2004/853/oj
UE-853-BACT,union_europea,Reglamento (CE) 853/2004,Anexo III sección IX,calidad_leche_cruda,leche_liquida,crudo,,vaca,recuento_mesofilos_ufc_ml,,,100000,UFC/mL,Gérmenes a 30 °C máximos de la leche cruda de vaca (media geométrica de 2 meses),no,https://eur-lex.europa.eu/eli/reg/2004/853/oj
